NBBag_k7_fi0.5_euclidean	NBBag_k7_fi1_euclidean	NBBag_k7_fi1.5_euclidean	NBBag_k7_fi2_euclidean
2.272727272727273	2.75	2.340909090909091	2.6363636363636362
