NBBag_k7_fi0.5_euclidean	NBBag_k7_fi1_euclidean	NBBag_k7_fi1.5_euclidean	NBBag_k7_fi2_euclidean
2.1136363636363638	2.659090909090909	2.409090909090909	2.8181818181818183
