	stat	p-value
G-mean	1.9552238805969788	0.5817519702457974
F1	4.104477611940299	0.2504011954173874
BAC	2.306532663316559	0.5112705774675341
Precision	6.093749999999994	0.1071371093389176
Recall	5.756756756756726	0.12406324829212748
Specificity	9.83522727272728	0.02001996454392212
