NBBag_k7_fi0.5_euclidean	NBBag_k7_fi1_euclidean	NBBag_k7_fi1.5_euclidean	NBBag_k7_fi2_euclidean
2.2045454545454546	2.2954545454545454	2.477272727272727	3.022727272727273
