NBBag_k7_fi0.5_euclidean	NBBag_k7_fi1_euclidean	NBBag_k7_fi1.5_euclidean	NBBag_k7_fi2_euclidean
2.1818181818181817	2.159090909090909	2.5454545454545454	3.1136363636363638
