	stat	p-value
G-mean	2.774869109947608	0.5961784920151454
F1	3.1518324607329333	0.5327457732222791
BAC	1.0785340314136138	0.8976628950597714
Precision	1.266490765171474	0.8670346696111882
Recall	2.8791208791208716	0.5782537087140152
Specificity	5.171597633136053	0.27013929505106604
