NBBag_k3_fi1_euclidean	NBBag_k5_fi1_euclidean	NBBag_k7_fi1_euclidean	NBBag_k9_fi1_euclidean	NBBag_k11_fi1_euclidean
2.6136363636363638	3.1136363636363638	3.3181818181818183	3.0454545454545454	2.909090909090909
