NBBag_k3_fi1_euclidean	NBBag_k5_fi1_euclidean	NBBag_k7_fi1_euclidean	NBBag_k9_fi1_euclidean	NBBag_k11_fi1_euclidean
3.227272727272727	3.4545454545454546	2.840909090909091	2.8636363636363638	2.6136363636363638
