	stat	p-value
G-mean	6.36898395721921	0.09497515312269703
F1	6.721925133689812	0.08130941885899082
BAC	7.55614973262027	0.05613314221569793
Precision	8.775401069518693	0.03243101020402241
Recall	2.410112359550548	0.49175498623035674
Specificity	6.956250000000004	0.07330538431376045
