NBBag_k7_fi1_chebyshev	NBBag_k7_fi1_cosine	NBBag_k7_fi1_euclidean	NBBag_k7_fi1_manhattan
2.8863636363636362	2.090909090909091	2.727272727272727	2.2954545454545454
