NBBag_k7_fi1_chebyshev	NBBag_k7_fi1_cosine	NBBag_k7_fi1_euclidean	NBBag_k7_fi1_manhattan
2.75	2.0454545454545454	2.3863636363636362	2.8181818181818183
