	stat	p-value
G-mean	47.34332425068121	4.8356322347358605e-09
F1	40.8855585831063	9.895736455307088e-08
BAC	48.91008174386925	2.31517260052308e-09
Precision	65.1381215469614	1.0491856520167758e-12
Recall	50.49247606019157	1.098742845078852e-09
Specificity	58.20863309352516	2.8486603036571038e-11
