NBBag_k7_fi2_chebyshev	AdaBoost	EBBAG	Bagging	RUSBoost	SMOTEAdaBoost
4.636363636363637	2.5	2.1136363636363638	4.75	4.636363636363637	2.3636363636363638
